Tiempo,Costo Almacenar Agua (MMUS /mm3)
1,0.00000246
2,0.00000222
3,0.00000269
4,0.00000256
5,0.00000258
6,0.00000227
7,0.00000254
8,0.00000241
9,0.00000218
10,0.00000235
11,0.00000254
12,0.00000273
13,0.00000253
14,0.00000245
15,0.00000214
16,0.00000245
17,0.00000266
18,0.00000274
19,0.00000228
20,0.00000272
